Retail Branding,Marketing Name,Device,Model
Blackshark,Black Shark 2,skywalker,SKW-A0
Blackshark,Black Shark 2,skywalker,SKW-H0
Blackshark,Black Shark 2 Pro,darklighter,DLT-H0
Blackshark,Black shark 4 pro,kaiser-os,SHARK KSR-H0
Blackshark,KLE-A0,klein,SHARK KLE-A0
Blackshark,KLE-H0,klein,SHARK KLE-H0
Blackshark,MBU-A0,mobius,SHARK MBU-A0
Blackshark,MBU-H0,mobius,SHARK MBU-H0
Blackshark,Pad6,Pad6,Pad6
Blackshark,SHARK KSR-A0,kaiser,SHARK KSR-A0
Blackshark,SHARK PRS-A0,penrose,SHARK PRS-A0
Blackshark,SHARK PRS-H0,penrose,SHARK PRS-H0
Blackshark,Shark,shark,SKR-H0
Blackshark,Shark 1S,bullhead,AWM-A0
Blackshark,黑鲨游戏手机,shark,SKR-A0
Blackshark,黑鲨游戏手机 2 Pro,darklighter,DLT-A0
POCO,POCO C3,angelicain,M2006C3MI
POCO,POCO C31,angelicain,211033MI
POCO,POCO C50,snow,220733SPI
POCO,POCO C51,water,2302EPCC4H
POCO,POCO C51,water,2305EPCC4G
POCO,POCO C55,earth,22127PC95I
POCO,POCO C61,blue,2312BPC51H
POCO,POCO C61,blue,2312BPC51X
POCO,POCO C65,gale,2310FPCA4I
POCO,POCO C65,gust,2310FPCA4G
POCO,POCO C71,serenity,25028PC03G
POCO,POCO C71,serenity,25028PC03I
POCO,POCO C75,lake,2410FPCC5G
POCO,POCO C75 5G,warm,24116PCC1I
POCO,POCO F2 Pro,lmi,POCO F2 Pro
POCO,POCO F3,alioth,M2012K11AG
POCO,POCO F3 GT,aresin,M2104K10I
POCO,POCO F4,munch,22021211RG
POCO,POCO F4,munch,22021211RI
POCO,POCO F4 GT,ingres,21121210G
POCO,POCO F5,marble,23049PCD8G
POCO,POCO F5,marble,23049PCD8I
POCO,POCO F6,peridot,24069PC21G
POCO,POCO F6,peridot,24069PC21I
POCO,POCO F6 Pro,vermeer,23113RKC6G
POCO,POCO M2,shiva,M2004J19PI
POCO,POCO M2 Pro,gram,POCO M2 Pro
POCO,POCO M3,citrus,M2010J19CG
POCO,POCO M3,citrus,M2010J19CI
POCO,POCO M3 Pro 5G,camellia,M2103K19PI
POCO,POCO M3 Pro 5G,camellian,M2103K19PG
POCO,POCO M4 5G,light,22041219PI
POCO,POCO M4 5G,thunder,22041219PG
POCO,POCO M4 Pro,fleur,2201117PG
POCO,POCO M4 Pro,miel,2201117PI
POCO,POCO M4 Pro 5G,evergreen,21091116AG
POCO,POCO M5,rock,22071219CI
POCO,POCO M5,stone,22071219CG
POCO,POCO M5s,rosemary,2207117BPG
POCO,POCO M6,moon,2404APC5FG
POCO,POCO M6 Plus 5G,breeze,24066PC95I
POCO,POCO M6 Pro,emerald,2312FPCA6G
POCO,POCO M6 Pro 5G,sky,23076PC4BI
POCO,POCO M7,creek,25062PC34G
POCO,POCO M7 5G,flame,24108PCE2I
POCO,POCO M7 Pro 5G,beryl,2409FPCC4I
POCO,POCO Pad,dizi,2405CPCFBG
POCO,POCO X2,phoenixin,POCO X2
POCO,POCO X3,karna,M2007J20CI
POCO,POCO X3 NFC,surya,M2007J20CG
POCO,POCO X3 Pro,bhima,M2102J20SI
POCO,POCO X3 Pro,vayu,M2102J20SG
POCO,POCO X4 GT,xaga,22041216G
POCO,POCO X4 Pro 5G,peux,2201116PI
POCO,POCO X4 Pro 5G,veux,2201116PG
POCO,POCO X5 Pro 5G,redwood,22101320G
POCO,POCO X5 Pro 5G,redwoodin,22101320I
POCO,POCO X6 5G,garnet,23122PCD1G
POCO,POCO X6 5G,garnet,23122PCD1I
POCO,POCO X6 Pro 5G,duchamp,2311DRK48G
POCO,POCO X6 Pro 5G,duchamp,2311DRK48I
POCO,POCO X7,malachite,24095PCADG
POCO,POCO X7,malachite,24095PCADI
POCO,POCO X7 Pro,rodin,2412DPC0AG
POCO,POCO X7 Pro,rodin,2412DPC0AI
POCO,Poco F7,onyx,25053PC47G
POCO,Poco F7,onyx,25053PC47I
POCO,Poco F7 Pro,zorn,24117RK2CG
POCO,Poco F7 Ultra,miro,24122RKC7G
POCO,Poco M7 Pro 5G,citrine,2409FPCC4G
Redmi,K30 PRO,lmi,Lmi
Redmi,K30 PRO,lmi,Redmi K30 Pro
Redmi,Mi  9T  Pro,raphaelin,Redmi K20 Pro
Redmi,Mi 9T,davinci,Mi 9T
Redmi,MiTV,rango,MiTV-AXFR0
Redmi,POCO F5,marblein,23049PCD8I
Redmi,REDMI K80,zorn,24117RK2CC
Redmi,REDMI K80 Pro,miro,24122RKC7C
Redmi,REDMI K80 Ultra,dali,25060RK16C
Redmi,REDMI Turbo 4,rodin,24129RT7CC
Redmi,REDMI Turbo 4 Pro,onyx,25053RT47C
Redmi,Redmi  7A,pine,Redmi 7A
Redmi,Redmi  7A,pine,pine
Redmi,Redmi  Note  7,lavender,Redmi Note 7
Redmi,Redmi 10,eos,21061119DG
Redmi,Redmi 10,eos,22011119UY
Redmi,Redmi 10,fog,220333QBI
Redmi,Redmi 10 2022,eos,21061119DG
Redmi,Redmi 10 2022,eos,22011119UY
Redmi,Redmi 10 2022,selene,21061119AG
Redmi,Redmi 10 2022,selene,21061119AL
Redmi,Redmi 10 2022,selene,21121119SG
Redmi,Redmi 10 2022,selene,21121119VL
Redmi,Redmi 10 5G,light,22041219G
Redmi,Redmi 10 5G,thunder,22041219NY
Redmi,Redmi 10 Power,fog,220333QBI
Redmi,Redmi 10A,dandelion,220233L2C
Redmi,Redmi 10A,dandelion,220233L2G
Redmi,Redmi 10A Sport,dandelion,220233L2I
Redmi,Redmi 10C,fog,220333QAG
Redmi,Redmi 10C,rain,220333QNY
Redmi,Redmi 10C,wind,220333QL
Redmi,Redmi 10X,apricot,M2004J7AC
Redmi,Redmi 10X,atom,M2004J7AC
Redmi,Redmi 10X,atom,atom
Redmi,Redmi 10X 4G,merlin,M2003J15SC
Redmi,Redmi 10X Pro,banana,M2004J7BC
Redmi,Redmi 10X pro,bomb,M2004J7BC
Redmi,Redmi 10X pro,bomb,bomb
Redmi,Redmi 11 Prime,rock,22071219AI
Redmi,Redmi 11 Prime 5G,light,22041219I
Redmi,Redmi 12,fire,23053RN02A
Redmi,Redmi 12,fire,23053RN02I
Redmi,Redmi 12,fire,23053RN02L
Redmi,Redmi 12,heat,23053RN02Y
Redmi,Redmi 12 5G,XIG03,XIG03
Redmi,Redmi 12 5G,river,23076RA4BR
Redmi,Redmi 12 5G,river,23076RN8DY
Redmi,Redmi 12 5G,river,A401XM
Redmi,Redmi 12C,aether,22126RN91Y
Redmi,Redmi 12C,earth,22120RN86G
Redmi,Redmi 12C,earth,22120RN86I
Redmi,Redmi 12C,earth,2212ARNC4L
Redmi,Redmi 13,moon,24040RN64Y
Redmi,Redmi 13,tides,24049RN28L
Redmi,Redmi 13,tides,2404ARN45A
Redmi,Redmi 13 5G,breeze,2406ERN9CI
Redmi,Redmi 13C,gale,23100RN82L
Redmi,Redmi 13C,gale,23106RN0DA
Redmi,Redmi 13C,gale,2311DRN14I
Redmi,Redmi 13C,gust,23108RN04Y
Redmi,Redmi 13C 5G,air,23124RN87I
Redmi,Redmi 13C 5G,atmos,23124RN87G
Redmi,Redmi 13x,tides,24049RN28L
Redmi,Redmi 13x,tides,2404ARN45A
Redmi,Redmi 14C,lake,2409BRN2CY
Redmi,Redmi 14C,pond,2409BRN2CA
Redmi,Redmi 14C,pond,2409BRN2CL
Redmi,Redmi 14C 5G,flame,2411DRN47I
Redmi,Redmi 15 5G,spring,25057RN09E
Redmi,Redmi 15 5G,spring,25057RN09G
Redmi,Redmi 15 5G,spring,25057RN09I
Redmi,Redmi 6,cereus,Redmi 6
Redmi,Redmi 7,onc,Redmi 7
Redmi,Redmi 7,onc,Redmi Y3
Redmi,Redmi 7A,pine,Redmi 7A
Redmi,Redmi 8,olive,Redmi 8
Redmi,Redmi 8A,olivelite,Redmi 8A
Redmi,Redmi 8A Dual,olivewood,Redmi 8A Dual
Redmi,Redmi 8A Dual,olivewood,Redmi 8A Pro
Redmi,Redmi 9,cattail,M2006C3MII
Redmi,Redmi 9,cattail,cattail
Redmi,Redmi 9,galahad,M2004J19C
Redmi,Redmi 9,galahad,galahad
Redmi,Redmi 9,lancelot,M2004J19C
Redmi,Redmi 9,lancelot,M2004J19G
Redmi,Redmi 9 Power,lime,M2010J19SI
Redmi,Redmi 9 Prime,lancelot,M2004J19C
Redmi,Redmi 9 Prime,lancelot,M2004J19I
Redmi,Redmi 9A,dandelion,220233L2G
Redmi,Redmi 9A,dandelion,M2006C3LC
Redmi,Redmi 9A,dandelion,M2006C3LG
Redmi,Redmi 9A,dandelion,M2006C3LI
Redmi,Redmi 9A,dandelion,M2006C3LVG
Redmi,Redmi 9A,dandelion,dandelion
Redmi,Redmi 9C,angelica,M2006C3MG
Redmi,Redmi 9C,angelica,angelica
Redmi,Redmi 9C NFC,angelican,M2006C3MNG
Redmi,Redmi 9C NFC,angelican,angelican
Redmi,Redmi 9T,lemon,M2010J19SY
Redmi,Redmi 9T,lime,M2010J19SG
Redmi,Redmi 9T,pomelo,M2010J19SL
Redmi,Redmi A1,ice,220733SG
Redmi,Redmi A1,ice,220733SI
Redmi,Redmi A1,ice,220733SL
Redmi,Redmi A1+,snow,220733SFG
Redmi,Redmi A1+,snow,220743FI
Redmi,Redmi A2,cloud,23026RN54G
Redmi,Redmi A2,cloud,23028RN4DG
Redmi,Redmi A2+,water,23028RNCAG
Redmi,Redmi A3,blue,23129RN51H
Redmi,Redmi A3,blue,23129RN51X
Redmi,Redmi A3,blue,2312CRNCCL
Redmi,Redmi A3 Pro,pond,2409BRN2CG
Redmi,Redmi A3x,klein,24044RN32L
Redmi,Redmi A3x,klein,24048RN6CG
Redmi,Redmi A3x,klein,24048RN6CI
Redmi,Redmi A4 5G,warm,24116RNC1I
Redmi,Redmi A5,serenity,25028RN03A
Redmi,Redmi A5,serenity,25028RN03I
Redmi,Redmi A5,serenity,25028RN03L
Redmi,Redmi A5,serenity,25028RN03Y
Redmi,Redmi K20,davinci,Mi 9T
Redmi,Redmi K20,davinci,Redmi K20
Redmi,Redmi K20,davinciin,Redmi K20
Redmi,Redmi K20 Pro,raphael,Mi 9T Pro
Redmi,Redmi K20 Pro,raphael,Redmi K20 Pro
Redmi,Redmi K20 Pro,raphael,Redmi K20 Pro Premium Edition
Redmi,Redmi K30,phoenix,Redmi K30
Redmi,Redmi K30 5G,picasso,Redmi K30 5G
Redmi,Redmi K30 Ultra,cezanne,M2006J10C
Redmi,Redmi K30S Ultra,apollo,M2007J3SC
Redmi,Redmi K30i 5G,picasso,Redmi K30i 5G
Redmi,Redmi K40,alioth,M2012K11AC
Redmi,Redmi K40 Gaming,ares,M2012K10C
Redmi,Redmi K40 Pro,haydn,M2012K11C
Redmi,Redmi K40 Pro +,haydn,M2012K11C
Redmi,Redmi K40S,munch,22021211RC
Redmi,Redmi K50,rubens,22041211AC
Redmi,Redmi K50 Pro,matisse,22011211C
Redmi,Redmi K50G,ingres,21121210C
Redmi,Redmi K50i,xagain,22041216I
Redmi,Redmi K60,mondrian,23013RK75C
Redmi,Redmi K60 Pro,socrates,22127RK46C
Redmi,Redmi K60 Ultra,corot,23078RKD5C
Redmi,Redmi K60E,rembrandt,22122RK93C
Redmi,Redmi K70,vermeer,23113RKC6C
Redmi,Redmi K70 Pro,manet,23117RK66C
Redmi,Redmi K70 Ultra,rothko,2407FRK8EC
Redmi,Redmi K70E,duchamp,2311DRK48C
Redmi,Redmi Note 10,camellia,M2103K19C
Redmi,Redmi Note 10,sunny,M2101K7AG
Redmi,Redmi Note 10,sunny,M2101K7AI
Redmi,Redmi Note 10 5G,camellian,M2103K19G
Redmi,Redmi Note 10 JE,XIG02,XIG02
Redmi,Redmi Note 10 Pro,chopin,21061110AG
Redmi,Redmi Note 10 Pro,sweet,M2101K6G
Redmi,Redmi Note 10 Pro,sweetin,M2101K6P
Redmi,Redmi Note 10 Pro Max,sweetin,M2101K6I
Redmi,Redmi Note 10 pro,chopin,M2104K10AC
Redmi,Redmi Note 10S,maltose,M2101K7BL
Redmi,Redmi Note 10S,rosemary,M2101K7BL
Redmi,Redmi Note 10S,rosemary,M2101K7BNY
Redmi,Redmi Note 10S,secret,M2101K7BG
Redmi,Redmi Note 10S,secret,M2101K7BI
Redmi,Redmi Note 10T,camellian,M2103K19Y
Redmi,Redmi Note 10T 5G,camellia,M2103K19I
Redmi,Redmi Note 10T 5G,camellia,TBD
Redmi,Redmi Note 11,spes,2201117TG
Redmi,Redmi Note 11,spes,2201117TI
Redmi,Redmi Note 11,spes,2201117TL
Redmi,Redmi Note 11,spesn,2201117TY
Redmi,Redmi Note 11 4G,selene,21121119SC
Redmi,Redmi Note 11 5G,evergo,21091116AC
Redmi,Redmi Note 11 Pro,pissarro,21091116C
Redmi,Redmi Note 11 Pro,vida,2201116TI
Redmi,Redmi Note 11 Pro,viva,2201116TG
Redmi,Redmi Note 11 Pro 5G,veux,2201116SG
Redmi,Redmi Note 11 Pro 5G,veux,2201116SR
Redmi,Redmi Note 11 Pro+,pissarropro,21091116UC
Redmi,Redmi Note 11 Pro+ 5G,peux,2201116SI
Redmi,Redmi Note 11 Pro+ 5G,pissarropro,21091116UG
Redmi,Redmi Note 11 SE,secret,22087RA4DI
Redmi,Redmi Note 11 SE,secret,M2101K7BI
Redmi,Redmi Note 11E,light,22041219C
Redmi,Redmi Note 11E Pro,veux,2201116SC
Redmi,Redmi Note 11S,fleur,2201117SY
Redmi,Redmi Note 11S,miel,2201117SG
Redmi,Redmi Note 11S,miel,2201117SI
Redmi,Redmi Note 11S,miel,2201117SL
Redmi,Redmi Note 11S 5G,opal,22031116BG
Redmi,Redmi Note 11T 5G,evergo,21091116AI
Redmi,Redmi Note 11T Pro,xaga,22041216C
Redmi,Redmi Note 11T Pro +,xagapro,22041216UC
Redmi,Redmi Note 12,tapas,23021RAAEG
Redmi,Redmi Note 12,tapas,23027RAD4I
Redmi,Redmi Note 12,tapas,23028RA60L
Redmi,Redmi Note 12,topaz,23021RAA2Y
Redmi,Redmi Note 12 5G,sunstone,22101317C
Redmi,Redmi Note 12 DISCOVERY EDITION,rubyplus,22101316UC
Redmi,Redmi Note 12 Pro,ruby,22101316C
Redmi,Redmi Note 12 Pro,sweet,2209116AG
Redmi,Redmi Note 12 Pro + 5G,rubypro,22101316UP
Redmi,Redmi Note 12 Pro 5G,ruby,22101316G
Redmi,Redmi Note 12 Pro 5G,ruby,22101316I
Redmi,Redmi Note 12 Pro Speed,redwood,22101320C
Redmi,Redmi Note 12 Pro+,rubypro,22101316UCP
Redmi,Redmi Note 12 Pro+ 5G,rubypro,22101316UG
Redmi,Redmi Note 12 Turbo,marble,23049RAD8C
Redmi,Redmi Note 12S,ocean,2303CRA44A
Redmi,Redmi Note 12S,ocean,2303ERA42L
Redmi,Redmi Note 12S,sea,23030RAC7Y
Redmi,Redmi Note 12T Pro,pearl,23054RA19C
Redmi,Redmi Note 13,sapphire,23129RA5FL
Redmi,Redmi Note 13,sapphire,23129RAA4G
Redmi,Redmi Note 13,sapphiren,23124RA7EO
Redmi,Redmi Note 13 5G,gold,2312DRAABC
Redmi,Redmi Note 13 5G,gold,2312DRAABI
Redmi,Redmi Note 13 5G,iron,2312DRAABG
Redmi,Redmi Note 13 Pro,emerald,23117RA68G
Redmi,Redmi Note 13 Pro 5G,XIG05,XIG05
Redmi,Redmi Note 13 Pro 5G,garnet,2312CRAD3C
Redmi,Redmi Note 13 Pro 5G,garnet,2312DRA50C
Redmi,Redmi Note 13 Pro 5G,garnet,2312DRA50G
Redmi,Redmi Note 13 Pro 5G,garnet,2312DRA50I
Redmi,Redmi Note 13 Pro+,zircon,23090RA98C
Redmi,Redmi Note 13 Pro+ 5G,zircon,23090RA98G
Redmi,Redmi Note 13 Pro+ 5G,zircon,23090RA98I
Redmi,Redmi Note 13 Pro+ 5G,zircon,24040RA98R
Redmi,Redmi Note 13R,breeze,2406ERN9CC
Redmi,Redmi Note 13R Pro,gold,2311FRAFDC
Redmi,Redmi Note 14,tanzanite,24117RN76E
Redmi,Redmi Note 14,tanzanite,24117RN76G
Redmi,Redmi Note 14,tanzanite,24117RN76L
Redmi,Redmi Note 14,tanzanite,24117RN76O
Redmi,Redmi Note 14 5G,beryl,24094RAD4C
Redmi,Redmi Note 14 5G,beryl,24094RAD4I
Redmi,Redmi Note 14 5G,citrine,24094RAD4G
Redmi,Redmi Note 14 Pro,malachite,24090RA29C
Redmi,Redmi Note 14 Pro,malachite,24090RA29G
Redmi,Redmi Note 14 Pro,obsidian,24116RACCG
Redmi,Redmi Note 14 Pro 5G,malachite,24090RA29G
Redmi,Redmi Note 14 Pro 5G,malachite,24090RA29I
Redmi,Redmi Note 14 Pro+,amethyst,24115RA8EC
Redmi,Redmi Note 14 Pro+ 5G,amethyst,24115RA8EG
Redmi,Redmi Note 14 Pro+ 5G,amethyst,24115RA8EI
Redmi,Redmi Note 14S,emerald,2502FRA65G
Redmi,Redmi Note 7,lavender,Redmi Note 7
Redmi,Redmi Note 8,biloba,M1908C3JGG
Redmi,Redmi Note 8,ginkgo,GINKGO
Redmi,Redmi Note 8,ginkgo,Redmi Note 8
Redmi,Redmi Note 8 Pro,begonia,Redmi Note 8 Pro
Redmi,Redmi Note 8 Pro,begonia,begonia
Redmi,Redmi Note 8 pro,begoniain,Redmi Note 8 Pro
Redmi,Redmi Note 8T,willow,Redmi Note 8T
Redmi,Redmi Note 8T,willow,willow
Redmi,Redmi Note 9,cannon,M2007J22C
Redmi,Redmi Note 9,merlin,M2003J15SC
Redmi,Redmi Note 9,merlin,M2003J15SI
Redmi,Redmi Note 9,merlin,M2003J15SS
Redmi,Redmi Note 9,merlinnfc,M2003J15SC
Redmi,Redmi Note 9,merlinnfc,M2003J15SG
Redmi,Redmi Note 9 4G,lime,M2010J19SC
Redmi,Redmi Note 9 Pro,curtana,Redmi Note 9 Pro
Redmi,Redmi Note 9 Pro,curtana,curtana
Redmi,Redmi Note 9 Pro,joyeuse,Redmi Note 9 Pro
Redmi,Redmi Note 9 Pro Max,excalibur,Redmi Note 9 Pro Max
Redmi,Redmi Note 9 pro,gauguinpro,M2007J17C
Redmi,Redmi Note 9S,curtana,Redmi Note 9 Pro
Redmi,Redmi Note 9S,curtana,Redmi Note 9S
Redmi,Redmi Note 9T,cannong,A001XM
Redmi,Redmi Note 9T,cannong,M2007J22G
Redmi,Redmi Pad,yunluo,22081283G
Redmi,Redmi Pad 2,taiko,25040RP0AE
Redmi,Redmi Pad 2,taiko,25040RP0AG
Redmi,Redmi Pad 2,taiko,25040RP0AI
Redmi,Redmi Pad 2,taiko,25040RP0AL
Redmi,Redmi Pad 2 4G,koto,2505DRP06E
Redmi,Redmi Pad 2 4G,koto,2505DRP06G
Redmi,Redmi Pad 2 Wi-Fi + Cellular,koto,2505DRP06I
Redmi,Redmi Pad Pro,dizi,2405CRPFDC
Redmi,Redmi Pad Pro,dizi,2405CRPFDG
Redmi,Redmi Pad Pro,dizi,2405CRPFDI
Redmi,Redmi Pad Pro 5G,ruan,24074RPD2C
Redmi,Redmi Pad Pro 5G,ruan,24074RPD2G
Redmi,Redmi Pad SE,xun,23073RPBFC
Redmi,Redmi Pad SE,xun,23073RPBFG
Redmi,Redmi Pad SE,xun,23073RPBFL
Redmi,Redmi Pad SE 4G,spark,24076RP19I
Redmi,Redmi Pad SE 8.7,flare,24075RP89G
Redmi,Redmi Pad SE 8.7 4G,spark,24076RP19G
Redmi,Redmi Turbo 3,peridot,24069RA21C
Redmi,Smart TV,tarzan,MiTV-MOOQ3
Xiaomi,China,braveheart,MiTV
Xiaomi,Formovie Laser TV 4K Cinema,angleeUHD,MiProjL1
Xiaomi,HM 1SC,armani,HM 1AC
Xiaomi,HM 1SC,armani,HM 1S
Xiaomi,HM 1SC,armani,HM 1SC
Xiaomi,HM 1SC,armani,HM 1SW
Xiaomi,HM 1SLTETD,HM2014501,2014501
Xiaomi,HM 1STD,HM2014011,2014011
Xiaomi,HM 2A,lte26007,2014502
Xiaomi,HM 2A,lte26007,HM 2A
Xiaomi,HM 2LTE-BR,HM2014819,2014819
Xiaomi,HM 2LTE-CMCC,HM2014813,2014813
Xiaomi,HM 2LTE-CT,HM2014812,2014812
Xiaomi,HM 2LTE-CU,HM2014811,2014811
Xiaomi,HM 2LTE-IN,HM2014818,2014818
Xiaomi,HM 2LTE-SA,HM2014817,2014817
Xiaomi,HM NOTE 1LTETD,dior,HM NOTE 1LTE
Xiaomi,HM NOTE 1LTETD,dior,HM NOTE 1LTETD
Xiaomi,HM NOTE 1LTETD,dior,HM NOTE 1LTEW
Xiaomi,HM NOTE 1S CT,gucci,HM NOTE 1S
Xiaomi,HM NOTE 1S CT,gucci,gucci
Xiaomi,HM NOTE 1TD,lcsh92_wet_tdd,HM NOTE 1TD
Xiaomi,HM NOTE 1W,lcsh92_wet_jb9,HM NOTE 1W
Xiaomi,HM Note 2,hermes,Redmi Note 2
Xiaomi,Hong Mi,HM2013022,2013022
Xiaomi,K30 PRO,lmiinpro,Redmi K30 Pro 5G Zoom Edition
Xiaomi,K30 pro,lmiin,Redmi K30 Pro 5G
Xiaomi,MI  8  Explorer  Edition,ursa,MI 8 Explorer Edition
Xiaomi,MI  8  Pro,equuleus,MI 8 Pro
Xiaomi,MI  8  Pro,equuleus,MI 8 UD
Xiaomi,MI  MAX  3,nitrogen,MI MAX 3
Xiaomi,MI  PLAY,lotus,MI PLAY
Xiaomi,MI  PLAY,lotus,lotus
Xiaomi,MI 10,umi,Mi 10
Xiaomi,MI 2,aries,MI 2
Xiaomi,MI 2,aries,MI 2S
Xiaomi,MI 2A,taurus,MI 2A
Xiaomi,MI 3W,cancro,MI 3W
Xiaomi,MI 4LTE,cancro,MI 4C
Xiaomi,MI 4LTE,cancro,MI 4LTE
Xiaomi,MI 4LTE,cancro,MI 4W
Xiaomi,MI 4LTE-CT,cancro,MI 4LTE
Xiaomi,MI 4s,aqua,MI 4S
Xiaomi,MI 5C,meri,MI 5C
Xiaomi,MI 5C,meri,Meri
Xiaomi,MI 5X,tiffany,MI 5X
Xiaomi,MI 5s Plus,natrium,MI 5s Plus
Xiaomi,MI 6X,wayne,MI 6X
Xiaomi,MI 8,dipper,MI 8
Xiaomi,MI 8 Lite,platina,MI 8 Lite
Xiaomi,MI 8 Lite,platina,Platina
Xiaomi,MI 8 SE,sirius,MI 8 SE
Xiaomi,MI 8 SE,sirius,sirius
Xiaomi,MI 8 UD,equuleus,MI 8 Pro
Xiaomi,MI 8 UD,equuleus,MI 8 UD
Xiaomi,MI 8 UD,equuleus,equuleus
Xiaomi,MI 9,cepheus,MI 9
Xiaomi,MI 9 SE,grus,MI 9 SE
Xiaomi,MI 9 SE,grus,Mi 9 SE
Xiaomi,MI CC 9,pyxis,MI CC 9
Xiaomi,MI CC 9,pyxis,Mi 9 Lite
Xiaomi,MI CC 9,pyxis,Pyxis
Xiaomi,MI CC 9e,laurus,MI CC 9e
Xiaomi,MI CC 9e,laurus,laurus
Xiaomi,MI CC9 Pro,tucana,MI CC9 Pro
Xiaomi,MI CC9 Pro,tucana,Mi Note 10
Xiaomi,MI MAX,helium,MI MAX
Xiaomi,MI MAX,hydrogen,MI MAX
Xiaomi,MI MAX 2,oxygen,MI MAX 2
Xiaomi,MI MAX 3,nitrogen,MI MAX 3
Xiaomi,MI MIX 2S,polaris,Mi MIX 2S
Xiaomi,MI NOTE LTE,virgo,MI NOTE LTE
Xiaomi,MI NOTE Pro,leo,MI NOTE Pro
Xiaomi,MI Note 3,jason,Mi Note 3
Xiaomi,MI PAD,mocha,MI PAD
Xiaomi,MI PAD 3,cappu,MI PAD 3
Xiaomi,MI PAD 4,clover,MI PAD 4
Xiaomi,MI PLAY,lotus,MI PLAY
Xiaomi,MI6,sagit,MI 6
Xiaomi,MIBOXPRO,kungfupanda,MiBOX_PRO
Xiaomi,MIPAD2,latte,MI PAD 2
Xiaomi,MITV3S,missionimpossible,MiTV3S
Xiaomi,MITV3S-55/60,pulpfiction,MiTV3S
Xiaomi,MITV3S-55/60,pulpfiction,MiTV4
Xiaomi,MIX,lithium,MIX
Xiaomi,MIX,lithium,lithium
Xiaomi,MIX 2,chiron,MIX 2
Xiaomi,MIX 2,chiron,Mi MIX 2
Xiaomi,MIX 2S,polaris,MIX 2S
Xiaomi,MIX 2S,polaris,Mi MIX 2S
Xiaomi,MIX 3,perseus,MIX 3
Xiaomi,MIX 3,perseus,Mi MIX 3
Xiaomi,MIX 4,odin,2106118C
Xiaomi,Mi 10,umi,Mi 10
Xiaomi,Mi 10,umi,Umi
Xiaomi,Mi 10 Lite 5G,monet,XIG01
Xiaomi,Mi 10 Lite zoom,vangogh,M2002J9E
Xiaomi,Mi 10 Pro,cmi,Cmi
Xiaomi,Mi 10 Pro,cmi,Mi 10 Pro
Xiaomi,Mi 10 Ultra,cas,M2007J1SC
Xiaomi,Mi 10 lite 5G,monet,M2002J9G
Xiaomi,Mi 10 lite 5G,monet,M2002J9S
Xiaomi,Mi 10S,thyme,M2102J2SC
Xiaomi,Mi 10S,thyme,Thyme
Xiaomi,Mi 10T,apollo,M2007J3SP
Xiaomi,Mi 10T,apollo,M2007J3SY
Xiaomi,Mi 10T Lite,gauguin,M2007J17G
Xiaomi,Mi 10T Pro,apollo,M2007J3SG
Xiaomi,Mi 10T pro,apollo,M2007J3SI
Xiaomi,Mi 10i,gauguininpro,M2007J17I
Xiaomi,Mi 11,venus,M2011K2C
Xiaomi,Mi 11,venus,M2011K2G
Xiaomi,Mi 11 LE,lisa,2107119DC
Xiaomi,Mi 11 Lite,courbet,M2101K9AG
Xiaomi,Mi 11 Lite,courbetin,M2101K9AI
Xiaomi,Mi 11 Lite 5G,renoir,M2101K9C
Xiaomi,Mi 11 Lite 5G,renoir,M2101K9G
Xiaomi,Mi 11 Pro,mars,M2102K1AC
Xiaomi,Mi 11 Ultra,star,M2102K1C
Xiaomi,Mi 11 Ultra,star,M2102K1G
Xiaomi,Mi 11X Pro,haydnin,M2012K11I
Xiaomi,Mi 11i,haydn,M2012K11G
Xiaomi,Mi 3,pisces,MI 3
Xiaomi,Mi 4c,libra,Mi-4c
Xiaomi,Mi 4i,ferrari,Mi 4i
Xiaomi,Mi 5,gemini,MI 5
Xiaomi,Mi 5s,capricorn,MI 5s
Xiaomi,Mi 9 Lite,pyxis,Mi 9 Lite
Xiaomi,Mi 9 SE,grus,MI 9 SE
Xiaomi,Mi 9 SE,grus,Mi 9 SE
Xiaomi,Mi 9T,davinci,Mi 9T
Xiaomi,Mi 9T Pro,raphael,Mi 9T Pro
Xiaomi,Mi A1,tissot_sprout,MI A1
Xiaomi,Mi A1,tissot_sprout,Mi A1
Xiaomi,Mi A2,jasmine_sprout,Mi A2
Xiaomi,Mi A2 Lite,daisy_sprout,Mi A2 Lite
Xiaomi,Mi A3,laurel_sprout,Mi A3
Xiaomi,Mi Box,once,MIBOX3
Xiaomi,"Mi Laser Projector 150""",anglee,MiProjA1
Xiaomi,Mi Laser Projector 4K,angleeUHD,MiProjL1
Xiaomi,Mi MIX 3 5G,andromeda,Mi MIX 3 5G
Xiaomi,Mi Note,virgo,MI NOTE LTE
Xiaomi,Mi Note 10,tucana,Mi Note 10
Xiaomi,Mi Note 10 Lite,toco,Mi Note 10 Lite
Xiaomi,Mi Note 10 Lite,toco,toco
Xiaomi,Mi Note2,scorpio,Mi Note 2
Xiaomi,Mi TV Stick,aquaman,MiTV-AESP0
Xiaomi,Mi smart projector,eva,MiProjM05
Xiaomi,Mi9 Pro 5G,crux,Mi9 Pro 5G
Xiaomi,MiBOX1S,casablanca,MiBOX1S
Xiaomi,MiBOX2,dredd,MiBOX2
Xiaomi,MiBOX3S,queenchristina,MiBOX3S
Xiaomi,MiBOX_mini,forrestgump,MiBOX_mini
Xiaomi,MiBox S,oneday,MIBOX4
Xiaomi,MiTV,amelie,MiTV-MSSP0
Xiaomi,MiTV,croods,MiTV-MOOQ0
Xiaomi,MiTV,croods,MiTV-MOOQ2
Xiaomi,MiTV,dangal,MiTV-AXSO0
Xiaomi,MiTV,dangalFHD,MiTV-AXSO1
Xiaomi,MiTV,dangalUHD,MiTV-AXSO2
Xiaomi,MiTV,hermano,MiTV-MOSR0
Xiaomi,MiTV,hermano,MiTV-MOSR1
Xiaomi,MiTV,irobot,MiTV-MOOR1
Xiaomi,MiTV,irobot,MiTV-MOSR2
Xiaomi,MiTV,irobot,MiTV-MOSR3
Xiaomi,MiTV,irobot,MiTV-MOSR4
Xiaomi,MiTV,ladybird,MiTV-MOEU0
Xiaomi,MiTV,lalaland,MiTV-MOEU1
Xiaomi,MiTV,machuca,MiTV-MSSP3
Xiaomi,MiTV,magnolia,MiTV4I
Xiaomi,MiTV,martian,MiTV-MSOR0
Xiaomi,MiTV,nino,MiTV-MSSP1
Xiaomi,MiTV,rango,MiTV-AXFR1
Xiaomi,MiTV,river,MiTV-MZTU0
Xiaomi,MiTV,tarzan,MiTV-MOOQ1
Xiaomi,MiTV,venom,MiTV-MOOR0
Xiaomi,MiTV,venom,MiTV-MOOR2
Xiaomi,MiTV,venom,MiTV-MOOR3
Xiaomi,MiTV,venom,MiTV-MOOR4
Xiaomi,MiTV,venom,MiTV-MOOR6
Xiaomi,MiTV,volver,MiTV-MSSP2
Xiaomi,MiTV,watchmen,MiTV-AXFR2
Xiaomi,MiTV2,entrapment,MiTV2
Xiaomi,MiTV4C,matrix,MiTV4C
Xiaomi,POCO F1,beryllium,POCOPHONE F1
Xiaomi,POCO M5s,rosemary,2207117BPG
Xiaomi,Redmi,HM2013023,2013023
Xiaomi,Redmi  Go,tiare,Redmi Go
Xiaomi,Redmi  Note  6  Pro,tulip,Redmi Note 6 Pro
Xiaomi,Redmi  Note  7 Pro,violet,Redmi Note 7 Pro
Xiaomi,Redmi  S2,ysl,Redmi S2
Xiaomi,Redmi 3,ido,Redmi 3
Xiaomi,Redmi 3,ido,ido
Xiaomi,Redmi 3S,land,Redmi 3S
Xiaomi,Redmi 4,prada,Redmi 4
Xiaomi,Redmi 4 Pro,markw,Redmi 4
Xiaomi,Redmi 4A,rolex,Redmi 4A
Xiaomi,Redmi 4X,santoni,Redmi 4X
Xiaomi,Redmi 4X,santoni,santoni
Xiaomi,Redmi 5,rosy,Redmi 5
Xiaomi,Redmi 5 Plus,vince,Redmi 5 Plus
Xiaomi,Redmi 5 Plus,vince,Redmi Note 5
Xiaomi,Redmi 5A,riva,Redmi 5A
Xiaomi,Redmi 6,cereus,Redmi 6
Xiaomi,Redmi 6 Pro,sakura_india,Redmi 6 Pro
Xiaomi,Redmi 6A,cactus,Redmi 6A
Xiaomi,Redmi 6Pro,sakura,Redmi 6 Pro
Xiaomi,Redmi 7,onc,ONC
Xiaomi,Redmi 7,onc,Redmi 7
Xiaomi,Redmi 7A,pine,Redmi 7A
Xiaomi,Redmi 8,olive,Redmi 8
Xiaomi,Redmi Go,tiare,Redmi Go
Xiaomi,Redmi K30 Pro Zoom Edition,lmipro,Redmi K30 Pro Zoom Edition
Xiaomi,Redmi Note 3,hennessy,Redmi Note 3
Xiaomi,Redmi Note 3,kate,Redmi Note 3
Xiaomi,Redmi Note 3,kenzo,Redmi Note 3
Xiaomi,Redmi Note 4,mido,Redmi Note 4
Xiaomi,Redmi Note 4,mido,Redmi Note 4X
Xiaomi,Redmi Note 4,nikel,Redmi Note 4
Xiaomi,Redmi Note 5,whyred,Redmi Note 5
Xiaomi,Redmi Note 5 Pro,whyred,Redmi Note 5
Xiaomi,Redmi Note 5 Pro,whyred,Redmi Note 5 Pro
Xiaomi,Redmi Note 5A,ugg,Redmi Note 5A
Xiaomi,Redmi Note 5A,ugg,Redmi Y1
Xiaomi,Redmi Note 5A,ugglite,Redmi Note 5A
Xiaomi,Redmi Note 8,ginkgo,Redmi Note 8
Xiaomi,Redmi Pro,omega,Redmi Pro
Xiaomi,Redmi S2,ysl,Redmi S2
Xiaomi,TELEBEE,once,MIBOX3
Xiaomi,Xiaomi 11 Lite 5G NE,lisa,2109119DG
Xiaomi,Xiaomi 11 Lite NE,lisa,2109119DI
Xiaomi,Xiaomi 11T,amber,21081111RG
Xiaomi,Xiaomi 11T Pro,vili,2107113SG
Xiaomi,Xiaomi 11T Pro,vili,2107113SI
Xiaomi,Xiaomi 11T Pro,vili,2107113SR
Xiaomi,Xiaomi 11i,pissarroin,21091116I
Xiaomi,Xiaomi 11i HyperCharge,pissarroinpro,21091116UI
Xiaomi,Xiaomi 12,cupid,2201123C
Xiaomi,Xiaomi 12,cupid,2201123G
Xiaomi,Xiaomi 12 Lite,taoyao,2203129G
Xiaomi,Xiaomi 12 Pro,zeus,2201122C
Xiaomi,Xiaomi 12 Pro,zeus,2201122G
Xiaomi,Xiaomi 12 Pro Dimensity,daumier,2207122MC
Xiaomi,Xiaomi 12S,mayfly,2206123SC
Xiaomi,Xiaomi 12S Pro,unicorn,2206122SC
Xiaomi,Xiaomi 12S Ultra,thor,2203121C
Xiaomi,Xiaomi 12T,plato,22071212AG
Xiaomi,Xiaomi 12T Pro,diting,22081212C
Xiaomi,Xiaomi 12T Pro,diting,22081212R
Xiaomi,Xiaomi 12T Pro,diting,22081212UG
Xiaomi,Xiaomi 12T Pro,diting,22200414R
Xiaomi,Xiaomi 12T Pro,diting,A201XM
Xiaomi,Xiaomi 12X,psyche,2112123AC
Xiaomi,Xiaomi 13,fuxi,2211133C
Xiaomi,Xiaomi 13,fuxi,2211133G
Xiaomi,Xiaomi 13 Lite,ziyi,2210129SG
Xiaomi,Xiaomi 13 Pro,nuwa,2210132G
Xiaomi,Xiaomi 13 Ultra,ishtar,2304FPN6DC
Xiaomi,Xiaomi 13 Ultra,ishtar,2304FPN6DG
Xiaomi,Xiaomi 13 pro,nuwa,2210132C
Xiaomi,Xiaomi 13T,XIG04,XIG04
Xiaomi,Xiaomi 13T,aristotle,2306EPN60G
Xiaomi,Xiaomi 13T Pro,corot,23078PND5G
Xiaomi,Xiaomi 13T Pro,corot,23088PND5R
Xiaomi,Xiaomi 13T Pro,corot,A301XM
Xiaomi,Xiaomi 14,houji,23127PN0CC
Xiaomi,Xiaomi 14,houji,23127PN0CG
Xiaomi,Xiaomi 14 Civi,chenfeng,24053PY09I
Xiaomi,Xiaomi 14 Pro,shennong,23116PN5BC
Xiaomi,Xiaomi 14 Pro,shennong,2311BPN23C
Xiaomi,Xiaomi 14 Ultra,aurora,24030PN60G
Xiaomi,Xiaomi 14 Ultra,aurora,24031PN0DC
Xiaomi,Xiaomi 14 Ultra,aurora,Xiaomi for arm64
Xiaomi,Xiaomi 14T,XIG07,XIG07
Xiaomi,Xiaomi 14T,degas,2406APNFAG
Xiaomi,Xiaomi 14T Pro,rothko,2407FPN8EG
Xiaomi,Xiaomi 14T Pro,rothko,2407FPN8ER
Xiaomi,Xiaomi 14T Pro,rothko,A402XM
Xiaomi,Xiaomi 15,dada,24129PN74C
Xiaomi,Xiaomi 15,dada,24129PN74G
Xiaomi,Xiaomi 15,dada,24129PN74I
Xiaomi,Xiaomi 15 Pro,haotian,2410DPN6CC
Xiaomi,Xiaomi 15 Ultra,xuanyuan,25010PN30C
Xiaomi,Xiaomi 15 Ultra,xuanyuan,25010PN30G
Xiaomi,Xiaomi 15 Ultra,xuanyuan,25010PN30I
Xiaomi,Xiaomi 15 Ultra,xuanyuan,25019PNF3C
Xiaomi,Xiaomi 15S Pro,dijun,25042PN24C
Xiaomi,Xiaomi Civi,mona,2109119BC
Xiaomi,Xiaomi Civi 1S,zijin,2109119BC
Xiaomi,Xiaomi Civi 4,chenfeng,24053PY09C
Xiaomi,Xiaomi MIX Flip,ruyi,2405CPX3DC
Xiaomi,Xiaomi MIX Flip,ruyi,2405CPX3DG
Xiaomi,Xiaomi MIX Fold,cetus,M2011J18C
Xiaomi,Xiaomi MIX Fold 2,zizhan,22061218C
Xiaomi,Xiaomi MIX Fold 3,babylon,2308CPXD0C
Xiaomi,Xiaomi MIX Fold 4,goku,24072PX77C
Xiaomi,Xiaomi MIX Fold 4,goku,Xiaomi for arm64
Xiaomi,Xiaomi Pad 5,nabu,21051182C
Xiaomi,Xiaomi Pad 5,nabu,21051182G
Xiaomi,Xiaomi Pad 5 Pro,dagu,22081281AC
Xiaomi,Xiaomi Pad 5 Pro,elish,M2105K81AC
Xiaomi,Xiaomi Pad 5 Pro 5G,enuma,M2105K81C
Xiaomi,Xiaomi Pad 6,pipa,23043RP34C
Xiaomi,Xiaomi Pad 6,pipa,23043RP34G
Xiaomi,Xiaomi Pad 6,pipa,23043RP34I
Xiaomi,Xiaomi Pad 6 Max 14,yudi,2307BRPDCC
Xiaomi,Xiaomi Pad 6S Pro 12.4,sheng,24018RPACG
Xiaomi,Xiaomi Pad 7,uke,2410CRP4CC
Xiaomi,Xiaomi Pad 7,uke,2410CRP4CG
Xiaomi,Xiaomi Pad 7,uke,2410CRP4CI
Xiaomi,Xiaomi Pad 7 Pro,muyu,24091RPADC
Xiaomi,Xiaomi Pad 7 Pro,muyu,24091RPADG
Xiaomi,Xiaomi Pad 7 Ultra,jinghu,25032RP42C
Xiaomi,Xiaomi Smart Projector L1,tianshan,C025RGN
Xiaomi,Xiaomi Smart Projector L1 Pro,tianshan,C045RGN
Xiaomi,Xiaomi TV,arctictale,MiTV-AXFU0
Xiaomi,Xiaomi TV Box S,twilight,MiTV-AFMU0
Xiaomi,Xiaomi TV Box S (2nd Gen),jaws,MiTV-AFKR0
Xiaomi,Xiaomi TV stick 4K,soul,MiTV-AYFR0
Xiaomi,Xiaomi Watch 2,axolotlaxie,Xiaomi Watch 2
Xiaomi,Xiaomi Watch 2 Pro,axolotl,Xiaomi Watch 2 Pro
Xiaomi,Xiaomi Watch 2 Pro,axolotlte,Xiaomi Watch 2 Pro
Xiaomi,Xiaomi civi 3,yuechu,23046PNC9C
Xiaomi,Xiaomi civi2,ziyi,2209129SC
Xiaomi,Xiaomi pad 6,pipa,23043RP34G
Xiaomi,Xiaomi pad 6 Pro,liuqin,23046RP50C
Xiaomi,小米手表,baiji,Mi Watch
